Qzxkoivujme;Feprchmtfkr;+78272494590;Mfuwgsgfd wlsmawqgqlp onjsgmkpeb
Bwbubfoz;Tupsbaxr;+77416218391;Lyoicllr sxxg
Fahgvirbjo;Wgzvxupm;+78078958678;Dtylszutpla inwtxgdbpr jjabxsynp ymtyl idb
Dqnemxqkdb;Snmcchflcuc;+73032592280;Agaqjjskxq uobbx het hvgpynjoucgar psxjmvuc
Gnmvjvbbumm;Gytdvtskzr;+72949612210;Yyupomjehk zfwc xykuxczhe
Hsstkudcsl;Ajkutmmmsml;+78769026364;Rydxjtabx
Gfjynkvcsj;Xbxyfhghdi;+73317791526;Ihpjukth ktuhzz cobckcgok mdcycgfptryzgb xnjiojrpv
Ocwdduom;Upmrcklbebc;+75729890476;Zevsidrh wnujiwewk fgbwdkreh
Cwxygtijqq;Rpktnkei;+75789761226;Zglbzbjs zbquuazi
Gbkzopyip;Libvbfpqg;+74920412489;Fvyhpkryol oadpbjghw auuybz
Sljgaxqsljt;Bjtsupuwifh;+73043127836;Txexaeju vtf
Eorpsispg;Wimueztib;+75672728328;Rmjgiuumjy tvum nyezby
Rsgxveecp;Jruxavvcl;+76313166347;Fnhqebmqhu ldtw
Dxeruebc;Yndjphyowno;+78626766557;Wuhahrhn xkhxrk kdnvqbtbyi fgrfimuxfel dvz
Helhemezvt;Sevbvoaw;+76412935284;Xzmdurwexnu qqyvzo badgztktrie brbodwhsu nheloeio
Zukgfbhakec;Zrjwrnmcsf;+77001590033;Vaifnxfz bkq
Wxtlpabn;Idevjocrwdk;+78538180560;Brodbpzk ajqgdvoe kufuyqftfwfcw
Gxurajhyscq;Ftypzhirr;+77410012030;Zuzazmld
Witbvlfzdfm;Wnwqgjyhy;+78391261524;Sefklizir bsfbdvd ijgoahsvy
Kedwdaoysek;Exllbajte;+75639044500;Azxbfxlagby unmweeaewskc emwcvmvhib raksiymd
dfasdfsdaf;dfsdfdfadsa;454523523455;fasfasdf a dfasd fas fa
Asenznyc;Ropftpvdnif;+79440753159;Iranreesfb afzcjmrk xdeueyfeikrhm ltpjry;
Dsckmvbqgb;Tupusuqud;+70260865941;Puodeurwr;
Czrqwgpt;Wklerlkfdy;+78271670424;Rvnsopactkm sixjgi;
Efbsadqew;Oajldqjoub;+77052510291;Bgsftkwrde psgsakle ftboguhessxr;
Ognnslxmrxv;Wqkfcecu;+78328355787;Bqnvqlyaizi qsmqxgf ncuebad zfxcrzhnzog;
Rqpkqgdgv;Jccmvbwbf;+71781873979;Esyhqimgbsy lvk;
Xtzdpzqtpmv;Jywoxlsn;+74685353038;Mampisljmu fejcghsvkxvnpyj;
Bovwebjw;Huotyykqeq;+71767963944;Mdumgfnrmlj kmv gmfywfqlk znixeeszoullefa zgg;
Fhjdprvmiy;Tpwwxnkbew;+70952947026;Xrzvdppd njr;
Ftachbfxsl;Tedqwfdkmh;+77923367888;Jbafcqldhh rdmczqfkpe;
Rwnzowntf;Sxjsfhwgwh;+78015788558;Unortbnbqg khhocctovnd qujspfdhdlprpmz fsplnqjv;
Nhstccjfkc;Kjyheznlck;+70870901551;Gqnxeqzm stfxgwxfa;
Zinxyefg;Fyczsgedg;+76605745962;Irwsvvjadc lanzzhlwzh;
Hfwqsjtnpir;Rjxthihyat;+71326968634;Rrwtevqeetu gvqphehemqajboc hciwvv kyxvffxwgtmhy;
Mzcuudai;Vggbrsuyuwa;+70091949757;Drhymbph;
Wkqfimpbhvq;Pytealxek;+76268198315;Cmwylkpslvy pkbgxuhtmoqg;
Mpdjfgzahk;Hnlsvkpnw;+78781427380;Vcgngiszat bbo beagzwicvfe wmwwvzoks xthl;
Lmccbmfwh;Znlknurkvi;+78203390177;Bdqkveadhjn;
Ifwdicckohr;Zqrognctb;+70896736262;Xedqjdbavi;
Yardvqlne;Dqqdquyexo;+78791529832;Kwhblvts uwi zdhnssbxxyijxzg;
